outcome,predictor,beta,se,ci_lo,ci_hi,beta_std,p_raw,n,r2,dataset,family,set,p_adj,sig_raw,sig_adj
emo_neg_Q1,crt2_total,-0.13119015957446817,0.15901028500651926,-0.4428503181872459,0.18046999903830957,-0.14044864432153964,0.4093477605550274,51,0.020120209492912267,naive,MoslehTargets,crt2_only,0.7260105331505569,False,False
emo_neg_Q2,crt2_total,-0.15111835670035875,0.1698399565380075,-0.4840046715148535,0.18176795811413596,-0.16540820379908783,0.37358984554172436,52,0.027359873884040375,naive,MoslehTargets,crt2_only,0.7260105331505569,False,False
emo_pos_Q1,crt2_total,0.17813164893617028,0.07683782796325164,0.027529506128197073,0.3287337917441435,0.3047660465702398,0.02043407392125778,51,0.09473938431631879,naive,MoslehTargets,crt2_only,0.16347259137006223,True,False
emo_pos_Q2,crt2_total,-0.0474991848712097,0.06340266948755448,-0.17176841706681648,0.07677004732439707,-0.08944103136887699,0.45375658321909806,52,0.007999698092328256,naive,MoslehTargets,crt2_only,0.7260105331505569,False,False
insight_Q1,crt2_total,-0.13601063829787258,0.3386964173978543,-0.7998556163976669,0.5278343398019218,-0.06896805113310726,0.6879998210187199,51,0.004851692900759708,naive,MoslehTargets,crt2_only,0.8225671145303778,False,False
insight_Q2,crt2_total,-0.6593185523312689,0.37782574807248226,-1.399857018553334,0.0812199138907963,-0.29954456597033724,0.08097905404878808,52,0.08972694700235762,naive,MoslehTargets,crt2_only,0.3239162161951523,False,False
moral_Q1,crt2_total,0.020595079787234048,0.06926593424811626,-0.11516615133907382,0.1563563109135419,0.039686485257577904,0.7662119398421148,51,0.0016065071836075528,naive,MoslehTargets,crt2_only,0.8225671145303778,False,False
moral_Q2,crt2_total,0.010661884577763275,0.047545817041661005,-0.0825279168238923,0.10385168597941885,0.028282795901008583,0.8225671145303778,52,0.000799916543978263,naive,MoslehTargets,crt2_only,0.8225671145303778,False,False
