outcome,predictor,beta,se,ci_lo,ci_hi,beta_std,p_raw,n,r2,dataset,family,set,p_adj,sig_raw,sig_adj
emo_neg_Q1,crt2_total,-0.004132357700190308,0.0684632885762197,-0.1383204033095809,0.1300556879092003,-0.003852643540195155,0.9518699209866291,237,1.486660138971807e-05,full,MoslehTargets,crt2_only,0.9518699209866291,False,False
emo_neg_Q2,crt2_total,-0.12018155958631069,0.06714627873499453,-0.25178826590689996,0.01142514673427858,-0.12776050405917277,0.07347852537314287,240,0.016322746397454124,full,MoslehTargets,crt2_only,0.5878282029851429,False,False
emo_pos_Q1,crt2_total,0.014506670022653004,0.04416451429096289,-0.07205577798763425,0.10106911803294026,0.020977286858127574,0.7425571450413806,237,0.0004407503586397743,full,MoslehTargets,crt2_only,0.8486367371901492,False,False
emo_pos_Q2,crt2_total,-0.011430879176836179,0.031462746095300705,-0.07309786152362556,0.050236103169953195,-0.020932153015940688,0.7163697893432608,240,0.0004381550298825365,full,MoslehTargets,crt2_only,0.8486367371901492,False,False
insight_Q1,crt2_total,-0.20565315882204802,0.15998834724226615,-0.5192303194168897,0.10792400177279363,-0.09555806805410817,0.19864350936486397,237,0.009145948715332253,full,MoslehTargets,crt2_only,0.7945740374594559,False,False
insight_Q2,crt2_total,-0.11424733542870094,0.1519293230802683,-0.41202880866602676,0.1835341378086249,-0.05180148599823806,0.4520649741696938,240,0.0026833939516258676,full,MoslehTargets,crt2_only,0.8486367371901492,False,False
moral_Q1,crt2_total,-0.01944877926000499,0.04514260383302792,-0.1079282827727397,0.06903072425272973,-0.032881346103169055,0.6665921253495637,237,0.001082912126792901,full,MoslehTargets,crt2_only,0.8486367371901492,False,False
moral_Q2,crt2_total,-0.01687362820670394,0.0349479633621294,-0.08537163639647757,0.051624379983069686,-0.03998558299912715,0.629222481264516,240,0.00159884684778,full,MoslehTargets,crt2_only,0.8486367371901492,False,False
