item_id,n,p_correct,beta0,beta1,se_beta0,se_beta1,a_hat,b_hat
bcrt_q1,240,0.425,-0.3643966326768838,1.2698202236191425,0.1511048760271994,0.18838307547967553,0.7469530727171426,0.28696710439711615
bcrt_q2,240,0.7166666666666667,1.274566479595831,1.3700785265720736,0.18884614276051054,0.22384925422185978,0.8059285450423963,-0.9302871732358194
bcrt_q3,240,0.38333333333333336,-0.6504614848872033,1.650211300128956,0.16683473159947837,0.22383315064387063,0.9707125294876212,0.39416860424866373
bcrt_q4,240,0.1625,-2.5770508292742536,1.8982398827328117,0.31649790868014177,0.28895209666766775,1.1166116957251835,1.357600192007444
bcrt_q5,240,0.35,-0.7630128771402682,1.1557557225844843,0.15728851798868243,0.18071042485544425,0.6798563074026379,0.6601852469603436
bcrt_q6,240,0.4708333333333333,-0.1202952776865464,1.1083658171404236,0.14508665672688462,0.1759461053405604,0.6519798924355433,0.10853391166186216
