item_id,n,p_correct,beta0,beta1,se_beta0,se_beta1,a_hat,b_hat
crt2_q1,240,0.7041666666666667,1.208977093294302,1.4002000774696155,0.18621122928736447,0.224252799031749,0.8236471043938914,-0.8634316714787762
crt2_q2,240,0.7416666666666667,1.2449868879926398,0.9255864923951721,0.17274971321555982,0.19059158104580265,0.5444626425853953,-1.3450789291133065
crt2_q3,240,0.8291666666666667,2.101436848870244,1.3946241230248384,0.2525350292516761,0.2626200231776344,0.8203671311910814,-1.5068123476255237
crt2_q4,240,0.17083333333333334,-2.479777988152226,1.8940942781890748,0.3048424381175851,0.2849829776582742,1.1141731048171029,1.3092157115447907
