item_id,n,p_correct,beta0,beta1,se_beta0,se_beta1,a_hat,b_hat
crt2_q1,52,0.5384615384615384,0.21456680598563416,1.0065888195071582,0.3089362739710409,0.3705783002354485,0.5921110702983283,-0.2131623179469542
crt2_q2,52,0.5961538461538461,0.6217183860929472,1.5433592088723873,0.3556064397720093,0.4827114677215089,0.9078583581602279,-0.4028345329582661
crt2_q3,52,0.7692307692307693,2.4662901560335397,2.7333833152486515,0.6982079260034946,0.8087948193289837,1.6078725383815597,-0.9022847773581237
crt2_q4,52,0.11538461538461539,-5.906352779640906,4.25177601719887,2.4736405774102805,1.902066268658208,2.5010447159993356,1.3891495590899197
