item_id,n,p_correct,beta0,beta1,se_beta0,se_beta1,a_hat,b_hat
bcrt_q1,52,0.40384615384615385,-0.429391208175715,0.7930189335688234,0.3033207286339904,0.33175768506787806,0.46648172562871965,0.541464005459902
bcrt_q2,52,0.6153846153846154,0.7150116894887817,1.4770740871820327,0.3581405919165655,0.472063060638279,0.8688671101070781,-0.4840730033067492
bcrt_q3,52,0.3076923076923077,-1.2585904733543647,2.0664611404709907,0.43518734956398286,0.590333855406011,1.2155653767476415,0.6090559598268105
bcrt_q4,52,0.1346153846153846,-2.4467351038514975,1.3394747116926689,0.6010225137965374,0.5040555266422716,0.7879263009956876,1.826637772623273
bcrt_q5,52,0.2692307692307692,-1.1604615086592405,0.9182975201198872,0.35694133506743414,0.3636356144930106,0.5401750118352278,1.2637097272218898
bcrt_q6,52,0.46153846153846156,-0.15317697995948962,1.3878164362927194,0.3259184915451142,0.43409283005235605,0.8163626095839527,0.11037265156526896
