item_id,n,p_correct,beta0,beta1,se_beta0,se_beta1,a_hat,b_hat
bcrt_q1,240,0.425,-0.36439663267688327,1.2698202236191412,0.15110487602719933,0.1883830754796755,0.7469530727171418,0.286967104397116
bcrt_q2,240,0.7166666666666667,1.2745664795958311,1.3700785265720734,0.18884614276051065,0.22384925422185983,0.8059285450423962,-0.9302871732358198
bcrt_q3,240,0.38333333333333336,-0.6504614848872036,1.6502113001289536,0.16683473159947843,0.22383315064387016,0.9707125294876198,0.39416860424866446
bcrt_q4,240,0.1625,-2.5770508292742553,1.8982398827328084,0.3164979086801403,0.2889520966676665,1.1166116957251815,1.3576001920074474
bcrt_q5,240,0.35,-0.7630128771402686,1.1557557225844857,0.1572885179886825,0.18071042485544447,0.6798563074026387,0.6601852469603432
bcrt_q6,240,0.4708333333333333,-0.12029527768654627,1.108365817140423,0.1450866567268845,0.17594610534056035,0.6519798924355429,0.1085339116618621
