item_id,n,p_correct,beta0,beta1,se_beta0,se_beta1,a_hat,b_hat
crt2_q1,240,0.7041666666666667,1.208977093294304,1.4002000774696146,0.18621122928736458,0.22425279903174894,0.823647104393891,-0.8634316714787782
crt2_q2,240,0.7416666666666667,1.244986887992638,0.9255864923951732,0.17274971321555949,0.19059158104580304,0.544462642585396,-1.345078929113303
crt2_q3,240,0.8291666666666667,2.101436848870245,1.3946241230248377,0.2525350292516758,0.2626200231776337,0.8203671311910811,-1.506812347625525
crt2_q4,240,0.17083333333333334,-2.4797779881522266,1.8940942781890706,0.30484243811758466,0.2849829776582735,1.1141731048171004,1.3092157115447938
